名前,フリガナ,アドレス,年齢,誕生日
山本 直子,タナカ ヨウスケ,chiyohasegawa@yahoo.com,40,1985/1/7
清水 洋介,ワタナベ ユウキ,hasegawataro@yahoo.com,66,1959/1/31
加藤 京助,オカダ チヨ,kenichikobayashi@mori.com,72,1952/5/24
鈴木 美加子,オカモト ミキ,gito@shimizu.com,35,1989/4/24
佐藤 結衣,モリ ハナコ,tanakakumiko@takahashi.com,36,1988/7/30
岡本 篤司,フジタ レイ,osamu89@gmail.com,20,2004/9/17
鈴木 知実,オカダ オサム,eyamamoto@nakamura.com,68,1957/1/31
伊藤 桃子,マツモト チヨ,ainoue@hotmail.com,49,1975/2/10
小林 英樹,イトウ ユミコ,kenichi62@yahoo.com,78,1946/6/7
三浦 京助,タカハシ ヒデキ,nakamurarika@hotmail.com,61,1963/5/22
木村 陽一,サトウ ヒロシ,naokosato@hotmail.com,49,1976/1/19
前田 充,ヤマモト トモヤ,chiyo91@sasaki.jp,24,2000/4/3
中村 京助,オカモト ヨウイチ,yamashitakaori@matsumoto.net,78,1946/10/28
後藤 千代,タナカ シュウヘイ,shoheitakahashi@yamada.jp,31,1993/7/7
渡辺 さゆり,スズキ サユリ,lsato@gmail.com,46,1978/4/11
山下 裕太,ゴトウ マイ,takuma22@tanaka.jp,36,1988/11/5
佐藤 さゆり,タカハシ ミキ,yamaguchihiroshi@gmail.com,27,1998/1/29
西村 太郎,スズキ チヨ,takahashimai@ito.jp,27,1998/1/19
小林 淳,フジワラ クミコ,matsumotonaoto@nakamura.com,27,1997/11/9
